"Studentul0adaugat","2023-05-19 - 15:31:24"
"Catre Meniu","2023-05-19 - 15:31:25"
"Afisare intreaga grupa","2023-05-19 - 15:31:28"
"Studentul0adaugat","2023-05-19 - 15:51:25"
"Catre Meniu","2023-05-19 - 15:51:26"
"Afisare intreaga grupa","2023-05-19 - 15:51:34"
"Studentul0adaugat","2023-05-23 - 22:23:22"
"Catre Meniu","2023-05-23 - 22:23:23"
"Afisare intreaga grupa","2023-05-23 - 22:23:26"
"Studentul0adaugat","2023-05-23 - 22:28:46"
"Catre Meniu","2023-05-23 - 22:28:47"
"Afisare intreaga grupa","2023-05-23 - 22:28:48"
"Intrare Meniu Principal","2023-05-25 - 05:32:39"
"Intrare Meniu Principal","2023-05-25 - 05:32:53"
"Afisare intreaga grupa","2023-05-25 - 05:32:54"
"Intrare Meniu Principal","2023-05-25 - 05:33:21"
"Intrare Meniu Principal","2023-05-25 - 05:37:26"
"Intrare Meniu Principal","2023-05-25 - 05:38:44"
"Afisare intreaga grupa","2023-05-25 - 05:38:45"
"Intrare Meniu Principal","2023-05-25 - 05:38:53"
"Adaugare de note unui student","2023-05-25 - 05:38:55"
"Intrare Meniu Principal","2023-05-25 - 05:39:00"
"Intrare Meniu Principal","2023-05-25 - 05:42:27"
"Intrare Meniu Principal","2023-05-25 - 05:43:17"
"Intrare Meniu Principal","2023-05-25 - 05:43:24"
"Afisare intreaga grupa","2023-05-25 - 05:43:26"
"Intrare Meniu Principal","2023-05-25 - 05:46:53"
"Intrare Meniu Principal","2023-05-25 - 06:02:27"
"Afisare intreaga grupa","2023-05-25 - 06:02:29"
"Intrare Meniu Principal","2023-05-25 - 06:05:24"
"Afisare intreaga grupa","2023-05-25 - 06:05:26"
"Intrare Meniu Principal","2023-05-25 - 06:06:34"
"Intrare Meniu Principal","2023-05-25 - 06:07:19"
"Afisare intreaga grupa","2023-05-25 - 06:07:21"
"Intrare Meniu Principal","2023-05-25 - 06:07:27"
